Square Footage,Number of Occupants,Appliances Used,Energy Consumption,Building Type_Commercial,Building Type_Industrial,Building Type_Residential
-0.1223475368029601,0.2381758756787919,-0.6761566886721126,3930.14,True,False,False
1.4117739224179742,-0.7628531670291743,-1.7351027788198528,4460.84,True,False,False
-1.0575234120231007,0.7904677613107732,1.512331897633217,4635.28,False,True,False
0.8555646801462389,-1.1080355955491625,-0.39377106463271533,4876.08,False,True,False
-0.690089930898928,1.411796132646752,-0.8173495006918113,4318.82,False,True,False
0.823512423849445,1.3772778897947533,0.38278940147562746,5753.93,False,True,False
1.4192740088803586,-1.2461085669571579,1.4417354916233676,5260.26,True,False,False
1.2100498987928987,-0.9699626241411672,-0.6055602826622634,5116.9,False,True,False
-0.8135583353976149,0.06558466141879774,0.24159658945592874,4193.77,False,True,False
1.1209686831689178,0.9975772184227663,-1.5939099668001542,4290.61,False,False,True
-0.6987928614166005,-1.3496632955131544,-0.8879459067016607,3542.19,False,True,False
1.551516099429382,-0.4867072242131836,0.24159658945592874,4726.97,False,False,True
1.392882195196685,-1.5222545097731486,1.3005426796036688,5067.83,True,False,False
-1.133302587506249,0.6178765470507791,-1.7351027788198528,2556.63,False,False,True
1.3807122435784764,-0.4176707385091859,1.4417354916233676,4879.42,False,False,True
-0.5519043756061283,-0.45218898136118474,-1.5233135607903048,3246.71,True,False,False
0.6866712236772614,-0.8664078955851707,0.24159658945592874,4997.78,False,True,False
0.840847529352126,-0.03797006713719876,1.3711390856135182,5669.86,False,True,False
1.5205251761225482,1.2046866755347592,1.3711390856135182,6530.6,False,True,False
0.11291460930485313,1.3082414040907557,1.3005426796036688,5446.83,False,True,False
-0.6808917116526075,-0.8664078955851707,1.512331897633217,3915.71,True,False,False
-1.0423817280330039,-1.038999109845165,0.02980737142638073,2622.38,False,False,True
-1.0950945998676869,-0.59026195276918,-0.746753094681962,2998.57,True,False,False
0.2922091290754392,-1.5567727526251474,-1.382120748770606,3578.29,True,False,False
-0.6941229962607762,1.273723161238757,1.512331897633217,3955.17,False,False,True
-0.868181606614226,1.2046866755347592,0.38278940147562746,4114.7,True,False,False
1.4938503403082186,-1.004480866993166,-0.040789034583468615,4475.56,False,False,True
1.3693913583522357,1.1356501898307616,-0.39377106463271533,5369.95,True,False,False
-1.242690641004799,1.446314375498751,-0.95854231271151,2989.05,False,False,True
-0.013384016500393973,-0.9354443812891684,-0.6761566886721126,4233.24,False,True,False
1.3875755302468848,0.824986004162772,1.512331897633217,5867.13,True,False,False
-0.6148060441444277,-0.4176707385091859,-0.8879459067016607,3439.34,True,False,False
-0.25522642714595956,-0.1760430385451941,-1.5233135607903048,3519.59,True,False,False
1.2084932770742907,-1.5222545097731486,1.3005426796036688,5471.43,False,True,False
1.339886301231346,0.3417306042347884,-0.323174658622866,5646.19,False,True,False
0.9737971752277895,0.1346211471227954,1.5829283036430661,4897.66,False,False,True
-1.7126488889591134,-0.14152479569319526,-0.11138544059331795,3457.17,False,True,False
-0.3952516262880234,1.1011319469787626,1.6535247096529155,4217.88,False,False,True
0.19308062781316962,-0.5557437099171813,-1.6645063728100034,3201.55,False,False,True
0.6079203158222249,1.5153508612027486,1.6535247096529155,5473.98,True,False,False
0.8854235149304486,1.446314375498751,-1.0291387187213594,4428.85,False,False,True
0.28761001945227893,-1.211590324105159,1.3711390856135182,3884.07,False,False,True
-1.15382169197881,-0.2795977671011906,1.3005426796036688,3140.2,False,False,True
1.1848609291645134,-1.038999109845165,0.8769642435445728,5422.98,False,True,False
-1.5121277093893262,-0.14152479569319526,-1.170331530741058,2276.7,False,False,True
0.8669563209051435,-0.4867072242131836,-1.0291387187213594,4944.4,False,True,False
-0.23598092226135048,-0.797371409881173,1.2299462735938196,3601.83,False,False,True
0.6289347090234341,0.9285407327187686,-0.746753094681962,5209.3,False,True,False
-0.5944992062698586,-1.4532180240691508,-1.170331530741058,2500.08,False,False,True
1.05651039291201,-0.5557437099171813,0.8769642435445728,4956.67,True,False,False
-1.1054956631692954,-1.5567727526251474,1.512331897633217,3916.46,False,True,False
-0.12270131446628012,-1.038999109845165,0.8063678375347235,3507.49,False,False,True
1.1717711556216726,0.5488400613467814,1.2299462735938196,5038.34,False,False,True
-0.8581343209759374,0.9285407327187686,1.0887534615741208,4230.09,True,False,False
1.5684974272687429,-1.3496632955131544,-0.746753094681962,5156.72,False,True,False
1.6994659182298142,-1.2461085669571579,-0.95854231271151,4298.92,False,False,True
-1.0706131855659413,-0.9354443812891684,-0.6055602826622634,2417.11,False,False,True
-0.619546664832916,1.5498691040547474,0.8769642435445728,4413.74,True,False,False
-1.7066346686826732,0.3417306042347884,-0.6055602826622634,3407.54,False,True,False
0.2318546597130438,-1.5567727526251474,-1.5939099668001542,3424.66,True,False,False
-0.7877325659752535,-1.5912909954771461,-1.170331530741058,2311.29,False,False,True
-0.25480189394997554,0.7559495184587743,-0.95854231271151,3933.39,True,False,False
0.15416508484796745,-0.6938166813251766,-0.323174658622866,3513.31,False,False,True
-0.8746911156193143,-1.1770720812531603,1.0887534615741208,3009.14,False,False,True
0.7567192010146253,-1.3841815383651532,-0.040789034583468615,4258.49,True,False,False
0.9859671268459982,1.3772778897947533,-0.39377106463271533,5147.21,True,False,False
-0.9958245875400892,-1.211590324105159,-0.1819818466031673,3039.52,True,False,False
0.8831593378852004,0.4798035756427837,0.9475606495544222,4729.67,False,False,True
-1.7208565307481378,-1.3841815383651532,1.2299462735938196,2351.97,False,False,True
1.106110021309477,-0.45218898136118474,0.8769642435445728,4524.71,False,False,True
0.7734882622559942,0.8595042470147709,0.1710001834460794,5543.64,False,True,False
0.20942515585855453,-0.831889652733172,-0.8173495006918113,4329.5,False,True,False
-1.36835246701607,-0.5212254670651825,-0.39377106463271533,2968.2,True,False,False
1.2263944268382836,1.032095461274765,0.5239822134953261,5041.34,False,False,True
-1.1095287285311435,-0.45218898136118474,1.0181570555642716,3565.7,True,False,False
-0.07479981885274943,-1.0735173526971638,-1.0291387187213594,3609.75,True,False,False
-0.6171409767223399,1.3772778897947533,0.02980737142638073,4158.47,True,False,False
-0.09241794648608641,1.032095461274765,-0.6055602826622634,4212.08,True,False,False
-0.6239335078580843,0.0310664185667989,0.02980737142638073,3818.71,True,False,False
-0.7057976591503369,-1.0735173526971638,-1.5939099668001542,3408.98,False,True,False
-0.08944621411419824,-1.3151450526611554,0.6651750255150248,3938.82,True,False,False
0.011592686529999431,1.239204918386758,1.3711390856135182,5454.74,False,True,False
-0.2502027843268153,-0.14152479569319526,0.3121929954657781,4588.3,False,True,False
0.5108437250072115,-0.4867072242131836,0.6651750255150248,4085.95,False,False,True
-1.5387317896709918,-0.10700655284119642,-1.5939099668001542,2130.26,False,False,True
-1.171015286416163,-0.7628531670291743,-0.95854231271151,2862.17,True,False,False
0.2777042448793184,-0.21056128139719293,0.8769642435445728,4082.39,False,False,True
-0.8591956539658975,-0.21056128139719293,-0.1819818466031673,2924.6,False,False,True
-0.23513185586938243,0.8940224898667697,0.24159658945592874,4878.26,False,True,False
-1.3279510578649238,-0.797371409881173,1.512331897633217,3403.93,True,False,False
1.3524100305128748,1.032095461274765,-0.95854231271151,5143.73,True,False,False
0.733086853104848,0.30721236138278957,1.512331897633217,4722.68,False,False,True
0.30041677086446367,1.3772778897947533,1.5829283036430661,5275.92,True,False,False
-0.459073116750955,1.6879420754627428,0.5945786195051754,4070.21,False,False,True
0.9860378823786622,-1.1080355955491625,0.8769642435445728,4304.63,False,False,True
0.7638655098136897,1.411796132646752,0.24159658945592874,4749.64,False,False,True
-0.3643314585138537,1.1011319469787626,1.0887534615741208,5040.46,False,True,False
-1.6546293521746303,-1.3496632955131544,0.8063678375347235,3386.72,False,True,False
-0.3894496726095751,-1.211590324105159,-0.4643674706425647,3441.55,True,False,False
-0.018902948048186284,-0.4867072242131836,0.02980737142638073,4103.09,True,False,False
1.4519630649711284,-0.6247801956211789,0.9475606495544222,5718.21,False,True,False
0.981863305951486,1.3082414040907557,1.4417354916233676,5744.86,True,False,False
-0.19586253524086022,-0.831889652733172,-0.25257825261301664,3208.61,False,False,True
1.4308779162372551,0.0310664185667989,1.3005426796036688,5590.7,True,False,False
0.3509362211865625,0.7559495184587743,0.7357714315248741,4873.0,True,False,False
0.7849506585475629,0.6178765470507791,1.4417354916233676,5338.17,True,False,False
-1.1809918165217876,-0.3486342528051882,-0.11138544059331795,3240.14,True,False,False
0.07675853211354709,0.4107670899387861,1.1593498675839702,4224.59,False,False,True
1.6378378492794667,0.20365763282679306,0.10040377743623007,4979.87,False,False,True
1.6988998739685022,-0.6592984384731777,-0.746753094681962,4517.48,False,False,True
-0.13989490890363307,1.1701684326827604,0.24159658945592874,4030.72,False,False,True
0.11164100971690105,-0.14152479569319526,-0.8173495006918113,4023.35,True,False,False
-1.2879741819097617,-0.797371409881173,1.512331897633217,3537.04,True,False,False
-0.4508654749619306,-0.38315249565718706,-0.6055602826622634,4101.24,False,True,False
0.9205890146644585,1.5153508612027486,-0.8173495006918113,5526.83,False,True,False
0.16994356863204033,-0.3486342528051882,-0.746753094681962,3987.84,True,False,False
-0.28381166234221716,-0.7628531670291743,1.5829283036430661,4688.81,False,True,False
-1.6223648292798445,-0.9009261384371696,0.8063678375347235,3496.99,False,True,False
-0.15680548121033003,1.7224603183147418,-0.1819818466031673,4558.07,True,False,False
1.535171571383997,-0.6247801956211789,0.45338580748547674,4678.75,False,False,True
-0.4822809314647483,-1.004480866993166,-0.040789034583468615,3108.88,False,False,True
1.1397188993248788,-1.4877362669211498,0.9475606495544222,5340.39,False,True,False
0.2576804291354053,-0.45218898136118474,-0.4643674706425647,4600.3,False,True,False
-0.9468617589365984,1.273723161238757,-1.5233135607903048,3428.02,True,False,False
0.5967409416613123,-0.1760430385451941,-0.8173495006918113,4306.74,True,False,False
0.6038872504603767,-0.0034518242851999323,0.02980737142638073,4090.41,False,False,True
1.2475503311048208,-0.5212254670651825,1.0887534615741208,4712.33,False,False,True
-1.6384970907272374,0.5833583041987802,1.4417354916233676,3138.81,False,False,True
0.2458642551805166,-0.59026195276918,1.0887534615741208,3973.35,False,False,True
0.45692800911724046,-0.3486342528051882,0.38278940147562746,5074.24,False,True,False
0.49931057318297883,1.7569785611667406,0.8769642435445728,5709.26,False,True,False
-0.654570653501598,-1.418699781217152,-1.3115243427607568,3390.53,False,True,False
0.030555169283952497,-1.1080355955491625,-0.4643674706425647,3249.48,False,False,True
0.98370294980075,0.37624884708678724,-0.040789034583468615,4498.07,False,False,True
-0.4244029057455931,-0.9354443812891684,0.9475606495544222,3459.59,False,False,True
-1.0786793162896378,0.5143218184947825,0.38278940147562746,3699.65,True,False,False
-0.5110076777263339,-0.3486342528051882,-0.11138544059331795,3234.06,False,False,True
-0.9525929570823828,1.1701684326827604,1.0887534615741208,4683.0,False,True,False
-0.7149251228639933,0.1346211471227954,-1.7351027788198528,3177.82,True,False,False
1.104553399590869,-0.9009261384371696,-1.3115243427607568,4812.15,False,True,False
0.5949720533447123,-0.45218898136118474,1.2299462735938196,4330.61,False,False,True
-0.5273522057717188,0.6869130327547767,-0.8173495006918113,4261.05,False,True,False
-1.2603795241708,-0.9354443812891684,-0.4643674706425647,2394.37,False,False,True
0.9503770939160042,0.30721236138278957,1.512331897633217,5319.27,True,False,False
-1.3338237670760362,1.239204918386758,0.24159658945592874,3722.8,True,False,False
1.5287328179115727,0.6178765470507791,-1.2409279367509074,4680.87,False,False,True
1.7243011101948797,-1.1425538384011613,-0.25257825261301664,5505.97,False,True,False
0.538155360615517,-0.0034518242851999323,-1.5233135607903048,4068.94,True,False,False
-1.2674550774372004,0.10010290427079656,-1.3115243427607568,3019.12,True,False,False
1.2646731700095097,1.2046866755347592,0.38278940147562746,6041.7,False,True,False
-0.814761179452903,-1.5567727526251474,-0.6055602826622634,2470.59,False,False,True
-0.0973000782399027,-0.4176707385091859,1.3711390856135182,4908.05,False,True,False
-0.9752347275348641,-1.5912909954771461,-0.25257825261301664,2451.63,False,False,True
0.9609904238156047,0.6523947899027779,-0.11138544059331795,5003.05,True,False,False
-0.03913903039009142,-0.24507952424919174,-0.534963876652414,3891.86,True,False,False
0.6389112391290587,-0.9354443812891684,1.512331897633217,5332.1,False,True,False
0.1053437673098047,0.10010290427079656,-0.6761566886721126,3571.76,False,False,True
1.0780200748418673,-0.03797006713719876,-1.7351027788198528,4945.09,False,True,False
0.02793721457538435,-0.831889652733172,-0.323174658622866,4314.56,False,True,False
-1.5414204999122239,-0.10700655284119642,-0.95854231271151,2260.82,False,False,True
-0.2521839392414074,1.5153508612027486,-1.2409279367509074,4015.07,True,False,False
0.06281969217873831,-0.10700655284119642,-0.040789034583468615,4658.38,False,True,False
0.5614339308619744,0.44528533279078486,1.0887534615741208,4934.94,True,False,False
-1.4413014211926582,0.8940224898667697,-0.95854231271151,3679.96,False,True,False
-0.7777560358696289,-1.004480866993166,0.10040377743623007,3900.33,False,True,False
1.1920072379635778,0.4798035756427837,1.3711390856135182,5101.13,False,False,True
1.4692981704738093,-1.004480866993166,1.2299462735938196,5341.65,True,False,False
-1.2784221850001212,-0.7283349241771754,1.3005426796036688,4027.56,False,True,False
-1.5856427078272264,-1.2806268098091567,-1.2409279367509074,2811.68,False,True,False
-1.476254654328676,1.3082414040907557,0.45338580748547674,4209.18,False,True,False
0.8710601417996557,1.7224603183147418,-0.6055602826622634,5711.22,False,True,False
-0.5026585248719815,1.0666137041267638,1.3711390856135182,5054.19,False,True,False
1.1160865514151015,1.3427596469427545,-0.746753094681962,5162.33,True,False,False
-1.402951922488768,-0.38315249565718706,-0.1819818466031673,3446.15,False,True,False
1.4908078524036665,0.7559495184587743,-1.3115243427607568,5096.3,True,False,False
-1.7690410484923247,-1.3496632955131544,-0.534963876652414,2433.47,True,False,False
0.5256316313339883,-1.5567727526251474,-1.0291387187213594,3238.18,False,False,True
-1.7093941344565693,-0.9354443812891684,-1.0997351247312088,2365.5,True,False,False
0.26447296027114964,-1.038999109845165,-0.11138544059331795,4063.62,True,False,False
-0.4832715089220444,1.5843873469067464,-0.040789034583468615,4278.0,True,False,False
-0.4725166679571158,0.5488400613467814,1.1593498675839702,3811.73,False,False,True
0.48388586706222597,-0.6592984384731777,0.02980737142638073,4905.84,False,True,False
1.5842051555201517,-1.6258092383291451,-1.2409279367509074,4958.57,False,True,False
-1.4925284268413972,-0.9699626241411672,1.4417354916233676,3835.0,False,True,False
-1.6288743382849327,-0.6247801956211789,-1.6645063728100034,2372.16,True,False,False
1.5248412636150526,-0.7283349241771754,-0.6761566886721126,4828.19,True,False,False
-0.9909424557862729,1.5498691040547474,-1.5233135607903048,3965.05,False,True,False
1.4358308035237355,0.20365763282679306,0.5945786195051754,5842.72,False,True,False
-0.4023979350870878,0.5488400613467814,-0.25257825261301664,4001.96,True,False,False
0.7124262375669588,0.7559495184587743,1.512331897633217,4922.82,False,False,True
0.17723138849643275,0.0310664185667989,-1.170331530741058,3522.9,False,False,True
1.5053834921324514,-0.6247801956211789,-1.5939099668001542,4116.88,False,False,True
1.6468945574604594,0.7559495184587743,-0.25257825261301664,5015.61,False,False,True
1.4569867077902727,0.0310664185667989,1.0887534615741208,5473.33,True,False,False
-1.3271019914729558,-0.7628531670291743,-0.4643674706425647,2364.9,False,False,True
1.1867005730137774,0.3417306042347884,0.6651750255150248,5332.5,True,False,False
0.041380765781545106,-0.45218898136118474,-1.7351027788198528,3064.11,False,False,True
-0.014869882686338057,0.0310664185667989,1.6535247096529155,4676.25,True,False,False
0.7018129076673583,0.1346211471227954,-1.5233135607903048,4245.53,True,False,False
0.10223052387258852,-1.2461085669571579,0.3121929954657781,3409.14,False,False,True
0.47893297977574567,-0.8664078955851707,1.2299462735938196,4616.98,True,False,False
0.5851370343044157,0.2381758756787919,0.3121929954657781,4232.44,False,False,True
0.1265704271090059,-0.797371409881173,0.8063678375347235,4785.27,False,True,False
-1.1146231268829518,-1.4877362669211498,-0.4643674706425647,2870.44,True,False,False
-0.9159415911624287,0.4798035756427837,0.45338580748547674,4271.39,False,True,False
0.08899923926441979,1.5843873469067464,-0.1819818466031673,4161.08,False,False,True
-1.7340878153563066,-1.2806268098091567,0.24159658945592874,3196.17,False,True,False
0.4360551269813593,-0.0724883099891976,0.38278940147562746,4534.07,True,False,False
-0.833299129010872,-0.10700655284119642,0.02980737142638073,3557.61,True,False,False
1.6381916269427867,-1.6258092383291451,-0.6761566886721126,4218.29,False,False,True
-0.3212413391214753,1.5153508612027486,1.1593498675839702,5179.49,False,True,False
-1.4451222199565144,1.3082414040907557,-0.8173495006918113,2797.21,False,False,True
0.7953517218491715,-1.3151450526611554,-0.25257825261301664,4307.72,True,False,False
1.6671306398023644,0.10010290427079656,-0.25257825261301664,4839.29,False,False,True
-0.2716417107240085,-0.9354443812891684,-1.170331530741058,3371.6,True,False,False
1.051345239027538,-0.7283349241771754,0.1710001834460794,4275.65,False,False,True
0.6844778021646772,-0.6938166813251766,1.3711390856135182,5367.9,False,True,False
0.23652452486886807,-0.8664078955851707,1.6535247096529155,5050.37,False,True,False
-0.16034325784353023,-0.7628531670291743,0.02980737142638073,4302.81,False,True,False
0.20079298087354605,0.7904677613107732,1.4417354916233676,5446.0,False,True,False
-1.416395473694929,1.1356501898307616,-1.6645063728100034,2514.4,False,False,True
-0.9874754346857367,0.5143218184947825,-1.2409279367509074,3699.87,False,True,False
-1.2137516281452214,-1.3496632955131544,-0.25257825261301664,2443.16,False,False,True
-1.4935897598313572,1.273723161238757,0.10040377743623007,3540.45,True,False,False
0.5770001480480552,0.7904677613107732,1.0181570555642716,5051.07,True,False,False
-1.1045758412446633,1.273723161238757,-1.2409279367509074,3437.74,True,False,False
0.6105382705307931,-0.6247801956211789,1.3005426796036688,4294.59,False,False,True
-1.4280701365844894,1.6879420754627428,1.1593498675839702,3506.64,False,False,True
0.7293368098736558,0.2381758756787919,0.8063678375347235,5018.25,True,False,False
1.6718712604908528,1.1701684326827604,0.6651750255150248,5329.29,False,False,True
-1.6377895354005974,-0.6247801956211789,-1.170331530741058,3030.38,False,True,False
0.7576390229392573,-1.4532180240691508,0.5239822134953261,4999.76,False,True,False
1.3255229281005532,-0.6247801956211789,0.9475606495544222,5185.62,True,False,False
0.26277482748721354,-1.5912909954771461,-0.8879459067016607,4190.25,False,True,False
1.6387576712040988,0.16913938997479422,-1.0291387187213594,5032.83,True,False,False
-1.3012054665179305,0.4798035756427837,0.5945786195051754,4114.45,False,True,False
-0.6159381326670519,0.30721236138278957,-0.4643674706425647,4195.75,False,True,False
-1.6540633079133182,-1.2806268098091567,-1.5233135607903048,2241.96,True,False,False
1.552152899223358,-0.8664078955851707,1.3005426796036688,4860.8,False,False,True
0.1034333679278766,0.7214312756067756,-0.040789034583468615,4947.78,False,True,False
1.607837503429929,-1.5222545097731486,-0.534963876652414,4745.47,True,False,False
-0.3571851497147893,-0.14152479569319526,-0.4643674706425647,3787.26,True,False,False
0.3844743436693004,1.5843873469067464,-0.6055602826622634,4274.73,False,False,True
1.6564465543701,-0.1760430385451941,-0.040789034583468615,5359.38,True,False,False
0.24749163243178868,0.30721236138278957,-1.3115243427607568,3631.54,False,False,True
0.21352897675306678,-0.5557437099171813,1.2299462735938196,5097.96,False,True,False
-0.8193602890760633,0.06558466141879774,1.4417354916233676,3525.66,False,False,True
0.04909311884192154,1.411796132646752,1.2299462735938196,4496.55,False,False,True
0.4654186730369209,-0.9354443812891684,-0.6055602826622634,4634.34,False,True,False
-1.740668079894059,1.446314375498751,1.6535247096529155,3375.62,False,False,True
0.6328970188526184,-1.1770720812531603,-1.7351027788198528,3324.61,False,False,True
0.47850844657976166,-0.38315249565718706,-1.3115243427607568,4504.03,False,True,False
0.5469290466658535,1.5153508612027486,1.2299462735938196,5329.97,True,False,False
0.8313662879751496,-0.7628531670291743,0.45338580748547674,4687.67,True,False,False
-1.6031900799278993,1.5153508612027486,0.45338580748547674,3631.08,True,False,False
0.929079678584139,-1.418699781217152,1.0887534615741208,5327.65,False,True,False
-1.7438520788639391,-1.5567727526251474,-0.95854231271151,2724.82,False,True,False
-1.4884953614795489,-1.4532180240691508,0.6651750255150248,2961.76,True,False,False
0.7531814243814251,1.5498691040547474,-1.382120748770606,4253.4,False,False,True
-1.5855011967618984,-0.7283349241771754,-0.8879459067016607,2602.69,True,False,False
1.5769173356557593,-0.03797006713719876,-0.95854231271151,5437.17,False,True,False
-1.75800318539674,-1.5222545097731486,0.5945786195051754,2696.49,True,False,False
0.8637015664025993,-1.2461085669571579,-1.0997351247312088,3547.29,False,False,True
1.337339102055442,1.032095461274765,-0.25257825261301664,5868.84,False,True,False
0.034234456982480704,-0.7628531670291743,1.6535247096529155,4516.31,True,False,False
-0.7131562345473933,1.7224603183147418,1.3711390856135182,4616.46,True,False,False
-1.5395808560629598,0.9285407327187686,-0.11138544059331795,3804.34,False,True,False
-0.6196881758982441,-1.3151450526611554,-0.8879459067016607,3598.99,False,True,False
1.2561117505571653,-0.59026195276918,0.5239822134953261,5465.54,False,True,False
-0.01246419457576192,0.4107670899387861,-1.170331530741058,3909.07,True,False,False
-0.7855391444626694,0.3417306042347884,-0.11138544059331795,3148.79,False,False,True
1.3178813305728407,-0.6247801956211789,-1.4527171547804554,4491.97,True,False,False
0.07187640035973082,0.0310664185667989,-0.95854231271151,3985.8,True,False,False
-0.24036776528651874,-1.1080355955491625,-0.040789034583468615,3125.85,False,False,True
-0.5779424116264817,-1.5567727526251474,0.8063678375347235,3554.19,True,False,False
1.0504961726355697,1.1701684326827604,-1.382120748770606,5358.22,False,True,False
0.4949944856904746,0.5833583041987802,0.24159658945592874,4772.8,True,False,False
-1.7202904864868258,0.10010290427079656,1.4417354916233676,3850.11,False,True,False
-1.4784480758412604,0.1346211471227954,0.9475606495544222,3395.45,True,False,False
-1.206676074878821,1.3082414040907557,-0.4643674706425647,3529.25,True,False,False
-1.6614926388430387,0.27269411853079073,-0.95854231271151,3348.39,False,True,False
-0.5773763673651696,-0.21056128139719293,0.7357714315248741,3419.13,False,False,True
-0.5910321851693224,1.6879420754627428,1.4417354916233676,4724.76,True,False,False
1.3059944010852882,-1.3151450526611554,0.3121929954657781,4900.84,True,False,False
1.1319357907318384,1.239204918386758,-0.6055602826622634,4624.3,False,False,True
0.12621664944568586,-0.24507952424919174,-0.8879459067016607,4023.41,True,False,False
-0.7602794193016199,-0.0034518242851999323,1.0181570555642716,4435.54,False,True,False
0.8386541078395419,-0.10700655284119642,-0.39377106463271533,4172.54,False,False,True
-0.14767801749667353,1.1011319469787626,-1.0997351247312088,4149.49,True,False,False
0.5780614810380152,1.3082414040907557,-0.8879459067016607,5290.06,False,True,False
-0.7236988089143299,-0.831889652733172,-1.6645063728100034,2478.55,False,False,True
0.6334630631139304,-0.03797006713719876,-0.8879459067016607,4831.96,False,True,False
0.10336261239521259,-0.1760430385451941,0.5945786195051754,3859.59,False,False,True
-1.0115323157914982,-0.03797006713719876,1.2299462735938196,3791.04,True,False,False
-1.1619585782351705,1.5498691040547474,1.6535247096529155,4288.58,True,False,False
0.8173566925076767,1.1701684326827604,-0.25257825261301664,5048.34,True,False,False
0.769030663698162,-1.4877362669211498,0.8769642435445728,5014.79,False,True,False
-0.004468819384729472,1.3427596469427545,0.5945786195051754,4802.21,True,False,False
-1.5117031761933422,-1.5222545097731486,0.8769642435445728,2406.04,False,False,True
-1.2361103764670467,-1.3151450526611554,0.8063678375347235,2668.06,False,False,True
1.1514643177471036,-0.8664078955851707,0.02980737142638073,4677.23,True,False,False
-0.32803387025721964,1.2046866755347592,0.24159658945592874,4300.28,True,False,False
-1.063749898897533,-0.5557437099171813,-0.4643674706425647,3161.9,True,False,False
0.7451860491903927,1.0666137041267638,0.3121929954657781,5076.4,True,False,False
-1.6975072049690165,-1.004480866993166,1.6535247096529155,2725.89,False,False,True
-0.4266670827908412,1.411796132646752,-1.382120748770606,4371.38,False,True,False
0.34584182283475423,1.5498691040547474,-1.5939099668001542,3901.38,False,False,True
1.0947891360832362,-1.3841815383651532,1.6535247096529155,5063.09,True,False,False
1.23163033625542,-0.8664078955851707,-0.95854231271151,4550.69,True,False,False
-0.005247130244033516,1.653423832610744,-0.040789034583468615,4635.4,True,False,False
0.8714139194629758,0.06558466141879774,-0.1819818466031673,4248.49,False,False,True
0.6596426101996119,0.4107670899387861,-0.534963876652414,4116.32,False,False,True
-1.756517319210796,-1.0735173526971638,1.0181570555642716,2457.6,False,False,True
-0.9500457579064786,1.6189055897587452,-1.2409279367509074,3621.32,True,False,False
0.3041668140956559,-0.5557437099171813,1.2299462735938196,4090.2,False,False,True
-1.1614632895065224,0.9975772184227663,0.8063678375347235,3392.31,False,False,True
1.606846925972633,0.7214312756067756,1.3005426796036688,6458.51,False,True,False
1.37406122350806,-1.211590324105159,1.3711390856135182,5750.07,False,True,False
0.9108955066894899,1.239204918386758,-1.5939099668001542,5214.85,False,True,False
1.5691342270627189,1.7569785611667406,0.8769642435445728,5481.27,False,False,True
-0.5324466041235272,-0.9354443812891684,0.6651750255150248,4207.14,False,True,False
-0.8589833873679055,-0.31411600995318945,0.45338580748547674,3101.02,False,False,True
0.2746617569747662,0.5488400613467814,1.512331897633217,4481.81,False,False,True
-1.3022667995078905,-0.14152479569319526,0.9475606495544222,2906.57,False,False,True
1.4602414622928168,0.6869130327547767,0.8769642435445728,6212.59,False,True,False
0.8354701088696618,-0.7628531670291743,0.6651750255150248,4773.54,True,False,False
1.0865107387615478,0.6178765470507791,1.512331897633217,5634.35,True,False,False
-1.3273142580709478,-0.4176707385091859,-1.382120748770606,3249.36,False,True,False
-0.29852881313633,0.8595042470147709,-0.39377106463271533,3562.43,False,False,True
1.001533344032079,1.239204918386758,0.02980737142638073,5268.16,True,False,False
1.177785375898113,1.7569785611667406,0.7357714315248741,6217.3,False,True,False
0.9108247511568259,-0.21056128139719293,1.6535247096529155,4698.47,False,False,True
-0.9652581974292395,-0.24507952424919174,-0.6055602826622634,2731.87,False,False,True
-0.0388560082594354,1.6189055897587452,-1.170331530741058,3762.71,False,False,True
0.8505410373270946,0.4107670899387861,-0.534963876652414,4736.14,True,False,False
-0.18348031702465953,-0.6592984384731777,-0.8173495006918113,4104.1,False,True,False
-1.1182316590488162,-0.5557437099171813,-1.4527171547804554,3322.79,False,True,False
1.0756143867312913,0.1346211471227954,-1.5233135607903048,4979.96,False,True,False
-1.1661331546623468,-0.21056128139719293,1.3005426796036688,4103.69,False,True,False
-0.4441436993588502,-0.3486342528051882,-0.8879459067016607,3965.87,False,True,False
0.5063861264493792,-1.3151450526611554,-1.0291387187213594,4363.9,False,True,False
0.3024686813117198,-1.1425538384011613,0.5945786195051754,4741.16,False,True,False
0.0822067081286754,0.30721236138278957,-1.5233135607903048,3459.45,False,False,True
1.5250535302130446,-0.2795977671011906,-0.6761566886721126,5571.47,False,True,False
-0.8562946771266733,-0.9354443812891684,-0.040789034583468615,3775.01,False,True,False
-1.3427389641917007,1.3427596469427545,0.5239822134953261,4265.97,False,True,False
-0.3216658723174593,-0.9699626241411672,1.1593498675839702,3967.63,True,False,False
0.06296120324406632,0.5488400613467814,0.24159658945592874,4468.57,True,False,False
1.1485633409078793,-0.6938166813251766,0.5945786195051754,4934.8,True,False,False
-0.43147845901199344,1.273723161238757,-0.4643674706425647,4612.22,False,True,False
0.7928045226732673,-0.9699626241411672,0.3121929954657781,3985.45,False,False,True
0.7268603662304156,0.0310664185667989,-0.4643674706425647,4507.73,True,False,False
-1.3728808211065664,-1.1425538384011613,0.9475606495544222,3097.45,True,False,False
-1.0145040481633862,-1.2806268098091567,0.02980737142638073,3602.33,False,True,False
1.3697451360155557,-1.4877362669211498,1.0887534615741208,5472.2,False,True,False
1.0057079204592554,-0.03797006713719876,-1.3115243427607568,5025.81,False,True,False
1.26502694767283,-1.2461085669571579,0.5945786195051754,4969.79,True,False,False
-1.637081980073957,1.4808326183507499,-1.2409279367509074,2619.36,False,False,True
1.4519630649711284,-1.4877362669211498,-0.39377106463271533,4659.4,True,False,False
-0.20852777558771693,0.4798035756427837,-0.323174658622866,4092.14,True,False,False
-1.0546224351838764,1.0666137041267638,1.0181570555642716,3496.97,False,False,True
-1.4345088900569138,-0.9699626241411672,-0.534963876652414,2667.44,True,False,False
0.03755996701768889,1.7224603183147418,1.512331897633217,4618.77,False,False,True
0.11022589906362097,1.5153508612027486,-1.2409279367509074,3921.95,False,False,True
-1.313516929201467,0.9630589755707674,-1.0997351247312088,2713.95,False,False,True
-0.46565338128870737,-0.0724883099891976,0.24159658945592874,4399.73,False,True,False
0.9208012812624505,-1.3496632955131544,-1.5939099668001542,3484.46,False,False,True
-1.0203767573744986,0.824986004162772,-0.11138544059331795,3689.04,True,False,False
-1.1647180440090668,-1.1425538384011613,-1.5939099668001542,3109.29,False,True,False
-1.135637520084161,1.446314375498751,1.6535247096529155,3773.61,False,False,True
-0.9108471928106204,1.411796132646752,1.5829283036430661,3885.13,False,False,True
0.6774022488982768,0.6523947899027779,-1.170331530741058,4504.67,True,False,False
0.11390518676214918,-0.31411600995318945,1.0887534615741208,4495.21,True,False,False
0.0591404044802101,0.30721236138278957,-0.323174658622866,4655.22,False,True,False
-0.9821687697359364,-1.6258092383291451,-0.534963876652414,2883.5,True,False,False
1.4764444792728737,-0.21056128139719293,-1.6645063728100034,5161.94,False,True,False
-0.4851111527713085,0.6178765470507791,-1.5233135607903048,3106.77,False,False,True
-0.31536862991036296,1.411796132646752,-1.2409279367509074,4522.1,False,True,False
-0.886719556172195,0.9630589755707674,1.0887534615741208,4637.71,False,True,False
1.122808327018182,0.8595042470147709,-1.6645063728100034,4273.37,False,False,True
-1.403234944619424,-1.0735173526971638,1.1593498675839702,2631.16,False,False,True
0.8824517825585604,-0.9009261384371696,-0.6761566886721126,3844.0,False,False,True
-1.206888341476813,-1.3496632955131544,1.3711390856135182,3833.81,False,True,False
-1.703026136516809,-0.7283349241771754,0.24159658945592874,2843.6,True,False,False
0.03932885533428899,0.6869130327547767,-1.5939099668001542,3465.03,False,False,True
-0.5148992320228541,1.3082414040907557,-0.534963876652414,4575.58,False,True,False
-0.8221905103826235,1.4808326183507499,0.5945786195051754,3701.39,False,False,True
-0.9484891361878706,1.1011319469787626,0.6651750255150248,3510.28,False,False,True
0.7780873718791546,0.8940224898667697,0.3121929954657781,4518.97,False,False,True
0.7245254336525035,0.9630589755707674,-0.95854231271151,5241.91,False,True,False
-1.3952395694283917,0.0310664185667989,1.6535247096529155,4103.39,False,True,False
-1.2271951793513822,-0.4867072242131836,0.3121929954657781,2755.75,False,False,True
0.7079686390091265,-0.14152479569319526,-0.4643674706425647,5042.08,False,True,False
-0.46367222637411526,1.1701684326827604,0.9475606495544222,5017.45,False,True,False
-0.05406844778219626,0.06558466141879774,1.0181570555642716,4414.12,True,False,False
-0.9145972360418126,0.5488400613467814,1.3711390856135182,4157.81,True,False,False
-0.9997161418366094,0.7559495184587743,-0.95854231271151,2872.05,False,False,True
-1.3463474963575648,-0.7283349241771754,0.1710001834460794,3097.98,True,False,False
1.4117739224179742,0.6869130327547767,-1.5233135607903048,4922.36,True,False,False
1.533756460730717,1.7224603183147418,-1.0291387187213594,6053.68,False,True,False
0.34669088922672225,0.7559495184587743,-0.39377106463271533,4616.89,True,False,False
-0.5995936046216669,-1.3496632955131544,-1.7351027788198528,2347.37,False,False,True
-0.8809883580264107,-1.5912909954771461,1.512331897633217,3060.91,False,False,True
-1.6126005657722118,-0.0724883099891976,1.4417354916233676,3953.1,False,True,False
1.641021848249347,0.10010290427079656,0.6651750255150248,6047.23,False,True,False
0.34301160152819404,1.5153508612027486,-1.5939099668001542,4935.7,False,True,False
0.628368664762122,1.7224603183147418,-0.11138544059331795,5682.63,False,True,False
0.3277284064727692,-0.45218898136118474,-0.8173495006918113,3566.01,False,False,True
1.6882865440689017,1.7569785611667406,1.0887534615741208,5746.4,False,False,True
0.15911797213444773,0.1346211471227954,0.02980737142638073,4881.83,False,True,False
-0.6435327904060134,-1.3841815383651532,-0.534963876652414,2605.98,False,False,True
0.3352992484678176,-0.9354443812891684,0.1710001834460794,4643.49,False,True,False
-0.6531555428483179,1.0666137041267638,1.6535247096529155,5037.86,False,True,False
0.4578478310418725,-1.5222545097731486,-0.8879459067016607,4269.02,False,True,False
-1.6700540582953831,-0.797371409881173,-1.5233135607903048,1787.0,False,False,True
-1.1040097969833513,0.20365763282679306,1.0181570555642716,3838.73,True,False,False
-1.418164362011529,-0.9354443812891684,-1.170331530741058,2521.63,True,False,False
-0.4267378383235052,-0.8664078955851707,0.6651750255150248,4310.82,False,True,False
-0.9320738526098216,0.6869130327547767,0.6651750255150248,4355.96,False,True,False
-0.9963198762687372,1.4808326183507499,1.512331897633217,3840.2,False,False,True
-0.6708444260143189,-0.9009261384371696,0.3121929954657781,3498.27,True,False,False
-0.054705247576172296,0.4107670899387861,0.10040377743623007,4710.15,False,True,False
0.2155101316676589,-0.59026195276918,-0.746753094681962,3487.69,False,False,True
-1.1751191073106753,0.4107670899387861,1.5829283036430661,3903.29,True,False,False
1.072642654359403,-0.45218898136118474,-1.5233135607903048,3949.4,False,False,True
-0.9695035293890797,0.9630589755707674,-1.170331530741058,2921.01,False,False,True
0.34258706833221003,0.2381758756787919,0.02980737142638073,5002.91,False,True,False
-0.957616599901527,0.3417306042347884,0.6651750255150248,3882.94,True,False,False
-0.4486012979166824,0.9975772184227663,0.5945786195051754,4246.55,True,False,False
0.2552039854921651,-0.31411600995318945,-0.6055602826622634,3519.56,False,False,True
-0.35930781569470943,0.6869130327547767,-1.5233135607903048,4164.5,False,True,False
-0.8173791341614711,0.824986004162772,0.10040377743623007,3388.25,False,False,True
-1.6111854551189317,-1.2461085669571579,-0.4643674706425647,3057.53,False,True,False
1.176299509712169,-1.004480866993166,0.5239822134953261,4905.91,True,False,False
1.12294983808351,-0.31411600995318945,0.10040377743623007,4411.53,False,False,True
0.31853018722644866,-0.6592984384731777,0.5239822134953261,3837.78,False,False,True
1.0497886173089297,1.411796132646752,-0.6055602826622634,5633.01,False,True,False
-0.41541695309726456,0.44528533279078486,1.512331897633217,4370.89,True,False,False
0.6454207481341471,-0.21056128139719293,1.4417354916233676,4410.42,False,False,True
1.6130026573144014,0.0310664185667989,0.1710001834460794,5961.49,False,True,False
-0.6399950137728132,-0.5212254670651825,0.1710001834460794,3163.44,False,False,True
1.5310677504894847,-1.1770720812531603,0.9475606495544222,5212.64,True,False,False
-0.9286068315092854,0.37624884708678724,-1.5939099668001542,3710.69,False,True,False
1.535454593514653,-1.2461085669571579,-1.5939099668001542,3883.46,False,False,True
-0.9732535726202719,0.6178765470507791,0.8063678375347235,3900.25,True,False,False
0.07272546675169887,0.7559495184587743,1.5829283036430661,5407.04,False,True,False
0.42331913110183855,-1.1425538384011613,0.7357714315248741,3926.61,False,False,True
-0.18779640451716378,0.9285407327187686,1.3711390856135182,4213.66,False,False,True
-1.2113459400346454,-0.4176707385091859,0.1710001834460794,3798.54,False,True,False
-1.2854269827338574,-0.5557437099171813,-0.1819818466031673,3563.67,False,True,False
1.212738609034131,-0.2795977671011906,0.1710001834460794,5508.64,False,True,False
-0.08718203706895011,0.4107670899387861,-1.4527171547804554,3844.62,True,False,False
-1.3469842961515408,1.411796132646752,0.45338580748547674,3753.31,True,False,False
1.2783289878136626,-0.10700655284119642,1.4417354916233676,4950.15,False,False,True
-0.4033885125443839,-0.7283349241771754,-0.6055602826622634,3509.64,True,False,False
1.55165761049471,1.7224603183147418,0.3121929954657781,6383.5,False,True,False
-1.5642037814300331,0.37624884708678724,-0.8879459067016607,3419.14,False,True,False
0.05687622743496198,1.4808326183507499,-0.8173495006918113,3932.59,False,False,True
1.5631200067862787,1.5153508612027486,-1.3115243427607568,5781.83,False,True,False
-1.313021640472819,-0.14152479569319526,-0.534963876652414,3629.61,False,True,False
-0.477328044178268,0.20365763282679306,-1.382120748770606,3558.78,True,False,False
0.6718125618178206,0.27269411853079073,1.0887534615741208,5513.36,False,True,False
-0.3057458774680584,-0.9354443812891684,0.6651750255150248,3889.08,True,False,False
-0.9603053101427592,0.1346211471227954,0.1710001834460794,3634.65,True,False,False
-0.8827572463430108,0.3417306042347884,-0.4643674706425647,3534.74,True,False,False
1.4586848405742088,0.3417306042347884,-1.5939099668001542,4390.91,False,False,True
1.6728618379481488,-1.004480866993166,0.9475606495544222,5877.19,False,True,False
0.5159381233590198,1.5153508612027486,-1.2409279367509074,4640.78,True,False,False
1.178705197822745,0.06558466141879774,0.6651750255150248,4808.64,False,False,True
-1.6675068591194788,0.7214312756067756,1.0887534615741208,4099.62,False,True,False
-0.8523323672974891,0.8595042470147709,-1.3115243427607568,3495.35,True,False,False
-0.315934674171675,-1.3151450526611554,0.8063678375347235,3758.95,True,False,False
0.7737005288539862,1.7569785611667406,-1.0291387187213594,4884.18,True,False,False
0.8481353492165185,-1.2806268098091567,-0.95854231271151,3657.53,False,False,True
1.0399535982686332,1.3082414040907557,0.38278940147562746,4901.86,False,False,True
-0.22473079256777384,1.5498691040547474,0.3121929954657781,5100.56,False,True,False
-0.8720024053780823,-0.9009261384371696,0.45338580748547674,3448.03,True,False,False
-1.2525964155777596,0.5143218184947825,0.7357714315248741,3072.63,False,False,True
-1.4854528735749968,1.7224603183147418,-1.6645063728100034,2726.13,False,False,True
-1.1449064948631456,-0.1760430385451941,1.512331897633217,3290.94,False,False,True
-0.688391798114992,1.2046866755347592,-0.39377106463271533,3377.38,False,False,True
1.5309969949568207,-1.5222545097731486,1.3005426796036688,5206.34,True,False,False
-1.260591790768792,0.30721236138278957,0.9475606495544222,4184.21,False,True,False
-0.8872148449008431,-0.24507952424919174,0.3121929954657781,4046.88,False,True,False
-1.4396740439413862,0.0310664185667989,0.02980737142638073,3121.19,True,False,False
0.15692455062186358,1.273723161238757,-0.323174658622866,4015.46,False,False,True
0.8588194346487831,1.5153508612027486,0.6651750255150248,5879.25,False,True,False
-0.25197167264341536,1.7224603183147418,1.0181570555642716,4804.46,True,False,False
-0.08987074731018227,-1.4532180240691508,0.24159658945592874,3751.05,True,False,False
-0.9331351855997817,-0.9699626241411672,0.5239822134953261,2966.16,False,False,True
-0.26003780336711185,-0.9009261384371696,0.5945786195051754,3867.72,True,False,False
-0.352586040091629,-0.6592984384731777,-1.3115243427607568,2904.51,False,False,True
0.14723104264689504,-0.03797006713719876,-0.11138544059331795,4779.08,False,True,False
1.0408026646606012,-1.3496632955131544,0.10040377743623007,4612.04,True,False,False
-0.14230059701420922,1.3082414040907557,0.5239822134953261,5107.0,False,True,False
-1.2184922488337098,-0.797371409881173,0.7357714315248741,2842.91,False,False,True
-1.5134013089772782,-0.9009261384371696,-0.39377106463271533,3256.52,False,True,False
0.5810332134099034,0.5488400613467814,-1.0291387187213594,4963.62,False,True,False
-1.135566764551497,0.20365763282679306,1.512331897633217,3891.12,True,False,False
0.47780089125312164,-1.6258092383291451,-0.323174658622866,4500.16,False,True,False
-0.1045171425716311,-0.0724883099891976,-0.323174658622866,3945.47,True,False,False
1.4231655631768787,-0.9354443812891684,0.5239822134953261,5063.9,True,False,False
1.5043929146751553,0.20365763282679306,0.1710001834460794,5359.1,True,False,False
0.7298320986023038,1.3427596469427545,-1.0291387187213594,4736.66,True,False,False
1.0463215962083936,-1.3841815383651532,1.5829283036430661,4548.56,False,False,True
1.0287034685750567,0.7559495184587743,0.6651750255150248,5343.05,True,False,False
1.0305431124243207,-0.8664078955851707,-0.1819818466031673,4549.59,True,False,False
-0.5202766525053184,-0.5557437099171813,-0.25257825261301664,4134.35,False,True,False
-0.49331879456033295,-1.211590324105159,-1.0291387187213594,2716.66,False,False,True
0.40216322683530137,0.4107670899387861,0.10040377743623007,5168.99,False,True,False
-0.06121475658126066,0.10010290427079656,-0.95854231271151,4379.87,False,True,False
1.2108282096522027,0.4107670899387861,-0.25257825261301664,4649.88,False,False,True
0.47801315785111365,1.3772778897947533,1.512331897633217,4847.12,False,False,True
1.7223199552802875,-0.5557437099171813,-0.8173495006918113,4468.13,False,False,True
1.6996074292951422,0.0310664185667989,-0.95854231271151,5061.5,True,False,False
0.8491966822064785,-1.0735173526971638,-0.8173495006918113,3723.56,False,False,True
0.7981819431557317,0.4107670899387861,-1.170331530741058,4531.32,True,False,False
1.5707616043139911,-0.14152479569319526,-0.1819818466031673,5637.13,False,True,False
1.5798890680276476,-1.3841815383651532,-0.25257825261301664,5245.78,False,True,False
0.2828693987637907,0.2381758756787919,-1.6645063728100034,3518.13,False,False,True
0.39275274099098884,-0.7628531670291743,-1.0291387187213594,3451.58,False,False,True
-0.5265738949124148,1.6879420754627428,-0.746753094681962,3580.93,False,False,True
0.7930875448039233,-1.5222545097731486,-1.6645063728100034,4374.35,False,True,False
0.8704940975383437,-0.4176707385091859,-0.4643674706425647,5008.0,False,True,False
0.08998981672171584,-0.4176707385091859,1.3711390856135182,4977.79,False,True,False
0.4925180420472345,0.9285407327187686,-1.0997351247312088,5013.75,False,True,False
-0.370204167724966,-0.21056128139719293,0.10040377743623007,3951.62,True,False,False
0.12741949350097395,-0.0034518242851999323,1.0181570555642716,5043.32,False,True,False
-1.04726385978682,-0.9354443812891684,0.1710001834460794,3724.42,False,True,False
1.6740646820034368,0.4107670899387861,1.1593498675839702,5862.82,True,False,False
-0.6751605135068232,1.6189055897587452,1.3711390856135182,5034.91,False,True,False
0.07392831080698693,-1.3841815383651532,-1.7351027788198528,3384.78,True,False,False
0.7125677486322868,1.4808326183507499,0.24159658945592874,5660.75,False,True,False
-0.5555836633046565,1.446314375498751,-1.7351027788198528,3253.47,False,False,True
-1.0544101685858844,-0.6938166813251766,-0.25257825261301664,2665.72,False,False,True
1.5910684421885601,-0.6247801956211789,0.7357714315248741,5346.06,True,False,False
-0.3554870169308532,1.7224603183147418,0.7357714315248741,4082.56,False,False,True
-0.2202024384772776,0.4107670899387861,0.3121929954657781,4757.71,False,True,False
-0.3736711888255022,-1.5567727526251474,-1.7351027788198528,2924.87,True,False,False
-0.9782064599067521,-1.1425538384011613,0.5945786195051754,2868.84,False,False,True
-1.7102432008485373,0.8940224898667697,0.8769642435445728,3494.52,True,False,False
-0.5626592165710569,-0.0034518242851999323,0.7357714315248741,4036.68,True,False,False
-0.5209842078319585,0.0310664185667989,0.5945786195051754,3471.43,False,False,True
-0.6944060183914322,0.30721236138278957,-1.0291387187213594,3423.63,True,False,False
-0.6664575829891507,0.8595042470147709,1.0181570555642716,4763.57,False,True,False
-0.3506048851770369,-0.0724883099891976,-1.0997351247312088,3651.6,True,False,False
1.4709963032577456,1.1701684326827604,-0.39377106463271533,5973.63,False,True,False
0.8007291423316357,0.30721236138278957,-0.534963876652414,5178.97,False,True,False
-0.9725460172936319,-1.0735173526971638,-1.6645063728100034,3146.62,False,True,False
0.768181597306194,0.7214312756067756,1.2299462735938196,5794.31,False,True,False
0.44829583413223195,0.7214312756067756,-1.4527171547804554,4886.94,False,True,False
-0.6220938640088202,-1.004480866993166,-1.3115243427607568,2554.39,False,False,True
0.05107427375651365,1.3772778897947533,1.4417354916233676,5563.48,False,True,False
0.05411676166106582,-1.211590324105159,-1.170331530741058,3066.15,False,False,True
-1.3404040316137886,-0.31411600995318945,1.0887534615741208,4015.3,False,True,False
-0.01883219251552228,0.9975772184227663,0.02980737142638073,3937.59,False,False,True
-1.3798148633076388,0.0310664185667989,-0.8879459067016607,3514.09,False,True,False
-0.14689970663736948,1.5498691040547474,0.8063678375347235,4263.39,False,False,True
1.6999612069584622,1.411796132646752,0.8063678375347235,5980.98,True,False,False
0.6570954110237077,1.7569785611667406,-0.534963876652414,5428.56,False,True,False
-1.4599101262832912,1.0666137041267638,0.8769642435445728,3701.73,True,False,False
0.48537173324817007,1.6189055897587452,1.6535247096529155,5020.9,False,False,True
-1.4616082590672275,-0.9354443812891684,-0.6055602826622634,2648.85,True,False,False
0.3292850281913773,-0.0724883099891976,-0.95854231271151,4611.73,False,True,False
-0.6767171352254312,-1.3841815383651532,-0.11138544059331795,3208.59,True,False,False
1.1829505297825853,-0.9699626241411672,0.8063678375347235,5390.76,False,True,False
-0.20024937826602848,-1.418699781217152,1.3711390856135182,4003.54,True,False,False
-1.313375418136139,-1.5222545097731486,-0.8173495006918113,2020.15,False,False,True
0.09225399376696396,-0.59026195276918,-1.0291387187213594,3798.62,True,False,False
0.3862432319859005,0.1346211471227954,0.45338580748547674,4197.59,False,False,True
-0.9164368798910767,-1.5912909954771461,1.512331897633217,4034.11,False,True,False
1.552082143690694,-0.24507952424919174,-1.2409279367509074,4357.27,False,False,True
0.8053282519547961,1.0666137041267638,-0.534963876652414,4448.42,False,False,True
1.6728618379481488,-0.6938166813251766,0.8769642435445728,5438.11,True,False,False
0.199873158948914,-1.3151450526611554,1.2299462735938196,4252.4,True,False,False
-0.5335786926461512,-0.9354443812891684,-1.2409279367509074,2685.54,False,False,True
-1.3544843826139252,-1.004480866993166,0.7357714315248741,3619.74,False,True,False
0.44949867818752004,-1.5912909954771461,0.5239822134953261,4126.84,True,False,False
-0.26180669168371196,1.6189055897587452,-1.0997351247312088,4628.8,False,True,False
-0.8291245525836958,0.4798035756427837,-0.323174658622866,3141.67,False,False,True
-0.9206822118509169,1.273723161238757,1.3711390856135182,3872.54,False,False,True
-1.0320514202640592,0.6869130327547767,1.0887534615741208,3947.63,True,False,False
1.0489395509169617,0.1346211471227954,0.1710001834460794,4983.43,True,False,False
-1.169741686828211,-1.4877362669211498,0.5945786195051754,3536.81,False,True,False
0.45622045379060044,-1.3841815383651532,0.8769642435445728,4849.54,False,True,False
0.11751371892801338,-0.5557437099171813,1.1593498675839702,4518.12,True,False,False
-0.3198262284681952,0.7559495184587743,-1.5939099668001542,3241.57,False,False,True
-0.9208944784489089,0.5833583041987802,-1.4527171547804554,2786.93,False,False,True
-0.25013202879415125,-1.5222545097731486,-1.7351027788198528,3103.65,True,False,False
-1.043443061022964,-1.004480866993166,1.5829283036430661,3080.67,False,False,True
0.9577356693130606,-1.2461085669571579,1.3005426796036688,4454.51,False,False,True
0.5655377517564866,1.7224603183147418,-1.4527171547804554,4748.66,True,False,False
1.3645799821310836,0.2381758756787919,1.5829283036430661,6130.17,False,True,False
0.8854235149304486,1.7569785611667406,-0.1819818466031673,5334.33,True,False,False
-0.23017896858290215,-1.1770720812531603,0.8063678375347235,3437.53,False,False,True
1.3470326100304104,-0.4176707385091859,-1.6645063728100034,4563.58,True,False,False
0.8955415561014011,-0.4176707385091859,-1.2409279367509074,4370.44,True,False,False
-1.6532142415213502,-0.4176707385091859,1.6535247096529155,2872.63,False,False,True
-1.6830023207728957,-0.59026195276918,-0.8879459067016607,2086.62,False,False,True
-0.5729895243400014,-0.1760430385451941,1.3005426796036688,3639.76,False,False,True
-0.745137735311523,-1.1080355955491625,-1.0291387187213594,2580.42,False,False,True
-0.36319936999122965,-1.038999109845165,-1.170331530741058,3305.06,True,False,False
1.4080946347194458,-0.5557437099171813,0.45338580748547674,4592.9,False,False,True
1.055307548856722,-0.59026195276918,-0.4643674706425647,4707.07,True,False,False
-1.401536811835488,0.27269411853079073,1.0887534615741208,4039.98,False,True,False
1.6100309249425133,1.6189055897587452,-1.7351027788198528,4779.18,False,False,True
-0.9533712679416868,0.9285407327187686,-0.1819818466031673,3733.52,True,False,False
-0.04303058468661164,-1.004480866993166,0.6651750255150248,3549.48,False,False,True
-0.13380993309452874,-0.03797006713719876,-0.95854231271151,4360.36,False,True,False
-0.8422143261265366,-1.211590324105159,-1.5233135607903048,2342.38,False,False,True
-1.4968445143339013,-1.1425538384011613,0.5945786195051754,2996.99,True,False,False
-0.993701921560169,-0.0034518242851999323,-0.6055602826622634,3332.69,True,False,False
0.5050417713287632,-0.7628531670291743,-1.170331530741058,4075.67,True,False,False
-0.528484294294343,-0.0724883099891976,-1.5939099668001542,3372.41,True,False,False
0.9070039523929697,1.6879420754627428,-0.39377106463271533,5672.37,False,True,False
-1.1693171536322269,-1.1425538384011613,-1.5233135607903048,2170.7,False,False,True
-0.5990275603603549,-0.0724883099891976,0.10040377743623007,3820.1,True,False,False
-0.13175802264727263,-1.2461085669571579,-1.5939099668001542,2752.62,False,False,True
-1.6385678462599014,1.5153508612027486,1.0887534615741208,3797.14,True,False,False
-0.36157199273995755,-0.9699626241411672,-0.323174658622866,4050.8,False,True,False
-0.2130561296782132,-0.59026195276918,1.512331897633217,4841.23,False,True,False
0.7974036322964276,-0.6247801956211789,0.45338580748547674,4683.04,True,False,False
0.9360137207852114,-0.4176707385091859,-1.2409279367509074,4939.07,False,True,False
0.7418605391551845,-1.0735173526971638,1.1593498675839702,4722.9,True,False,False
-1.4490137742530347,0.824986004162772,-0.534963876652414,3202.5,True,False,False
-0.8395963714179684,-1.5567727526251474,0.1710001834460794,3171.27,True,False,False
1.4773643011975057,-0.24507952424919174,0.3121929954657781,5772.35,False,True,False
1.6821308127271333,0.4107670899387861,-0.8879459067016607,4787.86,False,False,True
-0.7403971146230348,-1.2806268098091567,1.0181570555642716,3612.86,True,False,False
0.2923506401407672,1.5843873469067464,-0.8173495006918113,4616.56,True,False,False
1.6441350916865631,0.6869130327547767,-1.0291387187213594,5693.96,False,True,False
1.5927665749724962,1.273723161238757,-0.25257825261301664,5147.4,False,False,True
1.1341999677770864,0.9630589755707674,0.8769642435445728,5492.51,True,False,False
0.8547863692869349,1.4808326183507499,-0.1819818466031673,5607.7,False,True,False
-0.8152564681815511,0.8595042470147709,0.02980737142638073,4430.49,False,True,False
0.9893633924138704,1.4808326183507499,1.0181570555642716,5102.49,False,False,True
-0.3148733411817149,0.7214312756067756,-1.3115243427607568,4276.15,False,True,False
-0.38442602979043083,0.4107670899387861,1.3711390856135182,4895.61,False,True,False
0.24154816768801235,-1.3151450526611554,-1.0997351247312088,3193.51,False,False,True
-1.50830691062547,-0.4867072242131836,1.3005426796036688,3362.42,True,False,False
1.0129249847909838,0.8940224898667697,-1.4527171547804554,5228.01,False,True,False
1.65680033203342,-0.7628531670291743,1.5829283036430661,6028.93,False,True,False
0.573037838218871,0.7559495184587743,0.5945786195051754,5565.67,False,True,False
-0.9504702911024626,-1.418699781217152,-0.25257825261301664,3546.34,False,True,False
1.162926714038672,0.9975772184227663,-1.170331530741058,4464.55,False,False,True
-1.562717915244089,1.1011319469787626,-1.3115243427607568,3467.74,False,True,False
1.6125073685857534,1.3082414040907557,-0.1819818466031673,6146.35,False,True,False
-1.0145040481633862,-0.797371409881173,-1.2409279367509074,2841.31,True,False,False
1.6802204133452052,-1.211590324105159,0.1710001834460794,4561.71,False,False,True
0.20050995874289004,-0.9699626241411672,1.3005426796036688,3980.9,False,False,True
0.47638578059984155,-0.2795977671011906,-0.8879459067016607,3630.24,False,False,True
0.627590353902818,-0.4867072242131836,0.6651750255150248,4674.31,True,False,False
0.7064120172905185,-1.3841815383651532,-1.4527171547804554,3342.21,False,False,True
-0.3252744044833235,1.446314375498751,0.6651750255150248,5136.69,False,True,False
-0.5514090868774802,0.6178765470507791,-0.4643674706425647,4363.89,False,True,False
-0.5490033987669041,0.6869130327547767,0.6651750255150248,4721.39,False,True,False
-0.691858819215528,-0.38315249565718706,-0.746753094681962,3867.85,False,True,False
-0.6757265577681352,0.3417306042347884,-0.4643674706425647,4230.79,False,True,False
0.4451825906950158,0.9975772184227663,-0.39377106463271533,5151.75,False,True,False
1.444250711910752,-0.24507952424919174,0.7357714315248741,5822.52,False,True,False
-0.9616496652633753,0.44528533279078486,1.512331897633217,4018.05,True,False,False
1.5152185111727479,0.16913938997479422,0.45338580748547674,5900.32,False,True,False
0.29433179505535934,0.9975772184227663,0.8769642435445728,5416.01,False,True,False
1.216771674395979,1.446314375498751,0.5945786195051754,6084.9,False,True,False
0.4146162005841661,0.4107670899387861,-1.5939099668001542,3694.52,False,False,True
0.8801876055133122,-1.1770720812531603,-0.1819818466031673,3870.32,False,False,True
-0.36404843638319767,-0.831889652733172,-0.6761566886721126,3969.09,False,True,False
-1.1301185885363687,1.3427596469427545,-0.8879459067016607,2998.47,False,False,True
1.4006653037897254,-0.9009261384371696,-1.6645063728100034,4449.57,True,False,False
1.2556872173611813,0.5488400613467814,-0.746753094681962,5600.03,False,True,False
0.2518784754569569,1.1701684326827604,0.9475606495544222,4991.64,True,False,False
-0.529050338555655,1.3427596469427545,0.02980737142638073,4656.29,False,True,False
0.47850844657976166,1.239204918386758,-0.746753094681962,4172.29,False,False,True
0.5508913564950377,0.9285407327187686,-0.6055602826622634,4652.65,True,False,False
-1.739323724773443,0.4107670899387861,1.4417354916233676,2948.69,False,False,True
-0.11442291714459166,1.3427596469427545,0.7357714315248741,4242.17,False,False,True
-1.6113977217169237,1.1356501898307616,0.8063678375347235,3074.25,False,False,True
0.034800501243792734,-0.4867072242131836,0.10040377743623007,4039.93,True,False,False
0.2620672721605735,-1.3841815383651532,-1.7351027788198528,3908.0,False,True,False
-0.7764824362816769,-0.03797006713719876,-1.5233135607903048,3214.88,True,False,False
-0.72652903022089,-0.4176707385091859,-0.8879459067016607,2788.49,False,False,True
0.6543359452498115,0.5143218184947825,-0.11138544059331795,4235.19,False,False,True
0.6778267820942608,-1.1080355955491625,1.3005426796036688,4688.65,True,False,False
0.10845701074702087,-1.3151450526611554,-0.4643674706425647,3778.19,True,False,False
1.2520786851953172,-1.1425538384011613,-1.5233135607903048,4727.81,False,True,False
-1.5380949898770158,-0.9354443812891684,1.0181570555642716,3115.68,True,False,False
-0.23866963250258263,-1.3151450526611554,-0.6055602826622634,2980.23,False,False,True
-0.691222019421552,-0.6247801956211789,-1.6645063728100034,2482.94,False,False,True
0.8620741891513273,-0.797371409881173,-0.25257825261301664,4534.85,True,False,False
-1.6227893624758285,1.2046866755347592,-0.8879459067016607,2656.26,False,False,True
1.1902383496469777,-0.0034518242851999323,-0.39377106463271533,4930.94,True,False,False
0.9508016271119882,0.9285407327187686,-0.11138544059331795,4682.41,False,False,True
0.5662453070831266,1.653423832610744,0.45338580748547674,4620.93,False,False,True
0.9974295231375668,-0.14152479569319526,0.8769642435445728,5662.27,False,True,False
-0.6119758228378676,-0.0034518242851999323,-0.8173495006918113,3546.62,True,False,False
-0.3675154574837339,1.032095461274765,0.3121929954657781,4254.59,True,False,False
0.9967219678109268,1.1701684326827604,1.0887534615741208,5094.1,False,False,True
-1.5860672410232104,1.032095461274765,-1.0997351247312088,2499.0,False,False,True
0.7660589313262738,0.824986004162772,1.0181570555642716,5789.16,False,True,False
0.47843769104709766,1.4808326183507499,0.38278940147562746,4543.67,False,False,True
0.5670943734750946,0.6178765470507791,-1.0291387187213594,3977.63,False,False,True
-0.25593398247259963,1.2046866755347592,-0.323174658622866,3741.64,False,False,True
1.1369594335509827,1.7224603183147418,1.2299462735938196,5809.3,True,False,False
0.13838660106389455,0.27269411853079073,-0.1819818466031673,4283.8,True,False,False
0.8669563209051435,0.824986004162772,0.1710001834460794,4640.37,False,False,True
0.29107704055281514,1.7569785611667406,1.3005426796036688,5841.65,False,True,False
0.13138180333015817,-0.03797006713719876,1.5829283036430661,4160.27,False,False,True
-1.0771934501036937,-0.797371409881173,0.02980737142638073,2733.45,False,False,True
-0.8059167378699025,-0.10700655284119642,0.1710001834460794,3127.07,False,False,True
1.5273884627909566,-0.0034518242851999323,-0.39377106463271533,5126.0,True,False,False
-1.0379948850078355,1.3082414040907557,1.6535247096529155,4277.54,True,False,False
0.26843527010033386,-1.1080355955491625,-0.323174658622866,3927.4,True,False,False
-1.5497696527665763,-1.1080355955491625,-1.0997351247312088,1915.37,False,False,True
-0.904620705936188,0.4107670899387861,0.9475606495544222,3893.95,True,False,False
1.6522719779429236,0.44528533279078486,-1.7351027788198528,4506.27,False,False,True
0.38178563342806826,1.6879420754627428,-0.1819818466031673,4378.55,False,False,True
1.1866298174811134,-0.14152479569319526,-0.25257825261301664,5348.31,False,True,False
-0.4824224425300763,-1.2461085669571579,0.10040377743623007,3002.83,False,False,True
0.609547693073497,-0.5557437099171813,-0.6761566886721126,3750.37,False,False,True
1.1849316846971774,-0.4176707385091859,0.1710001834460794,5390.35,False,True,False
1.3794386439905244,-1.4877362669211498,1.512331897633217,4730.23,False,False,True
0.2794731331959185,1.1701684326827604,0.1710001834460794,4343.66,False,False,True
0.4089557579710458,-1.5912909954771461,0.9475606495544222,4805.22,False,True,False
1.7215416444209835,-0.5212254670651825,-1.2409279367509074,4346.16,False,False,True
0.3084121460554961,1.5498691040547474,-1.170331530741058,4514.09,True,False,False
-0.4807243097461402,-0.6247801956211789,-0.040789034583468615,4178.36,False,True,False
1.3998869929304214,-1.2806268098091567,-0.323174658622866,4193.36,False,False,True
0.8806121387092962,1.3427596469427545,-0.25257825261301664,5542.74,False,True,False
0.10824474414902886,0.6523947899027779,0.8769642435445728,4682.44,True,False,False
-0.04034187444537949,1.3082414040907557,0.45338580748547674,4649.81,True,False,False
-0.0778423067573016,-0.6247801956211789,-1.0291387187213594,3653.25,True,False,False
0.9018387985084975,-1.6258092383291451,0.10040377743623007,4417.34,True,False,False
-0.4290727709014173,0.5833583041987802,0.10040377743623007,3555.64,False,False,True
0.06381026963603437,0.20365763282679306,1.512331897633217,5143.54,False,True,False
0.37647896847826795,1.653423832610744,0.8063678375347235,5147.11,True,False,False
-0.02130863615876242,-0.5212254670651825,1.0887534615741208,4310.2,True,False,False
-1.3607816250210216,-1.3151450526611554,0.45338580748547674,2495.93,False,False,True
1.6788053026919252,1.239204918386758,0.8769642435445728,6042.56,True,False,False
-0.8157517569101991,-1.1080355955491625,1.3711390856135182,4169.39,False,True,False
-0.6094286236619635,1.4808326183507499,-1.2409279367509074,4336.02,False,True,False
0.4736263148259454,0.3417306042347884,1.3711390856135182,5432.11,False,True,False
-0.04034187444537949,-0.9354443812891684,0.24159658945592874,3417.99,False,False,True
0.6906335335064456,-1.211590324105159,1.6535247096529155,5353.94,False,True,False
-1.1451895169938016,-0.797371409881173,0.38278940147562746,3815.61,False,True,False
1.0318874675449368,0.9285407327187686,-0.323174658622866,5589.71,False,True,False
0.44829583413223195,-1.5912909954771461,-0.39377106463271533,4400.48,False,True,False
-1.6986392934916408,0.824986004162772,-0.1819818466031673,2660.28,False,False,True
0.08241897472666741,1.3082414040907557,-1.0997351247312088,4874.53,False,True,False
0.18826925159201735,0.1346211471227954,-0.4643674706425647,3655.82,False,False,True
-0.5409372680432076,-1.5222545097731486,0.8063678375347235,3112.64,False,False,True
-0.8424265927245286,-1.3841815383651532,-1.0997351247312088,2864.63,True,False,False
-1.630784737666861,-0.5557437099171813,1.6535247096529155,2867.44,False,False,True
-0.6564102973508621,-1.1770720812531603,0.8769642435445728,3675.54,True,False,False
0.027088148183416302,-1.418699781217152,0.7357714315248741,3435.21,False,False,True
1.109364775812021,-0.0724883099891976,1.0887534615741208,5798.61,False,True,False
0.2406991012960443,1.1701684326827604,0.3121929954657781,5262.76,False,True,False
0.8037716302361879,-0.9009261384371696,0.02980737142638073,4562.64,True,False,False
-0.6133909334911477,-1.5912909954771461,1.6535247096529155,3744.59,True,False,False
-0.8716486277147623,-1.1080355955491625,1.0887534615741208,4056.28,False,True,False
-1.2979507120153861,1.3772778897947533,1.3005426796036688,4576.47,False,True,False
0.6674257187926523,-0.31411600995318945,1.3711390856135182,4408.36,False,False,True
1.4120569445486302,0.1346211471227954,-1.0291387187213594,5415.31,False,True,False
1.0814163404097394,1.6879420754627428,1.4417354916233676,5794.83,True,False,False
1.016887294620168,-0.831889652733172,-0.6761566886721126,4520.19,True,False,False
-1.7539701200348918,-0.4867072242131836,1.3711390856135182,3715.45,False,True,False
0.7127800152302788,-1.004480866993166,-0.6055602826622634,3665.55,False,False,True
1.0795766965604754,-1.4532180240691508,0.38278940147562746,5172.77,False,True,False
0.4348522829260712,0.4107670899387861,-0.4643674706425647,4988.57,False,True,False
0.6653738083453962,-1.5567727526251474,-0.8879459067016607,4526.12,False,True,False
-0.9598807769467752,-0.2795977671011906,-1.5233135607903048,3010.22,True,False,False
0.6871665124059094,1.273723161238757,0.10040377743623007,4494.99,False,False,True
0.6903505113757896,-0.9354443812891684,0.3121929954657781,4036.12,False,False,True
1.639748248661395,1.273723161238757,-1.170331530741058,5948.34,False,True,False
1.3679054921662916,-1.3151450526611554,0.6651750255150248,4449.66,False,False,True
-0.24058003188451074,0.27269411853079073,1.6535247096529155,4087.05,False,False,True
1.375617845226668,-0.38315249565718706,-0.6055602826622634,4361.43,False,False,True
-0.43904930100704187,0.7559495184587743,1.6535247096529155,4149.12,False,False,True
0.6467651032547631,0.5143218184947825,1.512331897633217,4692.24,False,False,True
-0.3216658723174593,-1.4877362669211498,-0.040789034583468615,2972.61,False,False,True
1.3263012389598574,0.6178765470507791,1.3711390856135182,5744.99,True,False,False
-1.508023888494814,-0.1760430385451941,-0.6055602826622634,2330.09,False,False,True
0.9508016271119882,1.5843873469067464,0.8769642435445728,5568.44,True,False,False
-0.8519078341015051,0.6869130327547767,-0.8879459067016607,3540.91,True,False,False
0.8015074531909399,0.7904677613107732,0.10040377743623007,4957.36,True,False,False
-0.6933446854014722,0.1346211471227954,-1.0291387187213594,2883.63,False,False,True
-1.437834400092122,0.8595042470147709,1.1593498675839702,3229.31,False,False,True
-1.4261597372025614,-0.831889652733172,0.5945786195051754,3601.86,False,True,False
-1.1280666780891127,-1.211590324105159,-1.170331530741058,3127.82,False,True,False
-1.2250725133714622,-1.5222545097731486,1.2299462735938196,2745.7,False,False,True
-1.1615340450391864,-0.5212254670651825,0.1710001834460794,3299.75,True,False,False
-1.7689702929596607,-1.5912909954771461,0.5239822134953261,3093.71,False,True,False
-1.2819599616333213,-0.6247801956211789,-0.534963876652414,2532.88,False,False,True
-1.6416810896971175,0.7559495184587743,-1.2409279367509074,2807.29,True,False,False
-1.0714622519579093,1.1356501898307616,1.5829283036430661,3776.21,False,False,True
0.8259888674926852,-0.3486342528051882,0.6651750255150248,5393.95,False,True,False
0.5514574007563497,-0.24507952424919174,-1.7351027788198528,3516.18,False,False,True
-1.2699315210804405,0.3417306042347884,0.45338580748547674,4009.27,False,True,False
-0.07430453012410139,1.3082414040907557,-0.11138544059331795,4446.22,True,False,False
1.570195560052679,1.1356501898307616,-1.4527171547804554,5228.59,True,False,False
-0.1491638836826176,0.2381758756787919,1.3711390856135182,5101.01,False,True,False
-0.3975865588659356,1.7569785611667406,1.0887534615741208,4752.66,True,False,False
1.497105094810763,-1.0735173526971638,1.6535247096529155,4891.8,False,False,True
0.9220041253177386,0.2381758756787919,1.3711390856135182,4813.61,False,False,True
-0.6457262119185975,0.5143218184947825,1.3711390856135182,4854.04,False,True,False
-0.07529510758139746,-1.1425538384011613,-1.5233135607903048,2865.57,False,False,True
-0.9781357043740881,-0.5557437099171813,-1.7351027788198528,2342.32,False,False,True
-0.9724752617609679,0.20365763282679306,1.5829283036430661,3570.31,False,False,True
1.1692239564457685,-0.03797006713719876,-0.323174658622866,4859.08,True,False,False
-0.33893022228747627,-1.6258092383291451,-0.8879459067016607,3729.59,False,True,False
-1.1564396466873783,-0.24507952424919174,1.0181570555642716,3663.21,True,False,False
-1.6022702580032673,-1.1425538384011613,-0.8879459067016607,2500.56,True,False,False
-0.08866790325489421,1.411796132646752,0.38278940147562746,4560.05,True,False,False
0.9693395766699573,0.7559495184587743,0.7357714315248741,4789.37,False,False,True
0.19867031489362594,-1.3496632955131544,-0.25257825261301664,4391.84,False,True,False
-0.31359974159376286,-1.038999109845165,-0.323174658622866,3078.96,False,False,True
1.660125842068628,0.7559495184587743,-0.6055602826622634,5390.61,True,False,False
1.478708656318122,-1.1770720812531603,-0.39377106463271533,4276.66,False,False,True
0.6403263497823387,0.2381758756787919,0.24159658945592874,5272.15,False,True,False
0.3914083858703728,-0.45218898136118474,1.1593498675839702,4208.74,False,False,True
-0.23711301078397454,0.7904677613107732,-0.25257825261301664,3757.72,False,False,True
0.9040322200210816,-0.9354443812891684,0.3121929954657781,4608.27,True,False,False
-0.5199936303746624,-1.418699781217152,1.3005426796036688,3701.68,True,False,False
-0.3757938548054223,-0.21056128139719293,-0.11138544059331795,4331.04,False,True,False
-1.1478074717023696,-0.59026195276918,0.3121929954657781,3375.06,True,False,False
0.7507049807381849,-0.10700655284119642,-0.1819818466031673,4622.54,True,False,False
-0.8042893606186304,0.8940224898667697,-1.2409279367509074,4026.33,False,True,False
0.4293333513782789,1.7569785611667406,0.6651750255150248,5132.23,True,False,False
1.6388991822694268,0.3417306042347884,0.8769642435445728,5185.54,False,False,True
0.9955898792883028,1.273723161238757,0.7357714315248741,6014.94,False,True,False
0.324332140904897,-0.9354443812891684,-1.5939099668001542,4137.66,False,True,False
1.3801461993171644,-0.31411600995318945,0.9475606495544222,4910.15,False,False,True
0.502706838750851,0.4107670899387861,-0.4643674706425647,5007.9,False,True,False
0.5152305680323798,-0.03797006713719876,0.24159658945592874,5028.58,False,True,False
-0.8783704033178426,1.0666137041267638,0.3121929954657781,3916.99,True,False,False
-0.8233933544379115,1.1011319469787626,0.10040377743623007,4474.98,False,True,False
-1.1269345895664886,-0.9699626241411672,0.6651750255150248,3297.91,True,False,False
0.5598065536107022,-0.9354443812891684,-0.746753094681962,3593.42,False,False,True
0.7848799030148988,0.3417306042347884,1.512331897633217,4820.59,False,False,True
0.7579928006025773,-0.21056128139719293,-0.746753094681962,3880.66,False,False,True
1.0345054222535048,0.6869130327547767,-0.39377106463271533,4488.84,False,False,True
1.4740387911622976,-1.5567727526251474,-0.534963876652414,5083.26,False,True,False
1.6118705687917774,-1.5912909954771461,-0.746753094681962,4102.94,False,False,True
0.010814375670695387,0.37624884708678724,0.5239822134953261,3927.94,False,False,True
-0.6922833524115122,-0.4176707385091859,0.8063678375347235,3279.51,False,False,True
1.2788242765423106,-1.418699781217152,-0.95854231271151,3952.58,False,False,True
-1.0578064341537567,1.6879420754627428,-0.95854231271151,4173.1,False,True,False
-1.5862795076212024,0.6869130327547767,0.24159658945592874,2850.05,False,False,True
-1.7344415930196266,-1.1770720812531603,1.0181570555642716,3432.74,False,True,False
1.660408864199284,-0.5212254670651825,-1.0291387187213594,4483.83,False,False,True
0.24112363449202834,-1.4877362669211498,0.5945786195051754,4132.91,True,False,False
-1.2478557948892715,-1.211590324105159,-0.534963876652414,2284.33,False,False,True
0.3275868954074412,0.824986004162772,-1.0997351247312088,3816.15,False,False,True
-1.6763513007024795,1.653423832610744,0.1710001834460794,3463.09,True,False,False
1.425358984689463,0.06558466141879774,1.3711390856135182,5611.18,True,False,False
0.39480465143824495,-0.03797006713719876,0.1710001834460794,5026.23,False,True,False
1.5846296887161357,-0.21056128139719293,1.4417354916233676,5152.04,False,False,True
0.16718410285814417,1.273723161238757,0.38278940147562746,5249.84,False,True,False
-0.5688857034454892,0.824986004162772,-1.5233135607903048,3658.93,True,False,False
-1.7736401581154848,0.6869130327547767,-1.5939099668001542,2599.86,True,False,False
-1.1565104022200423,-1.0735173526971638,-1.382120748770606,3157.54,False,True,False
0.6230619998123218,0.3417306042347884,1.5829283036430661,5164.94,True,False,False
-0.3658880802324618,0.06558466141879774,-1.382120748770606,3975.14,False,True,False
-1.5480007644499763,-1.2806268098091567,-1.5233135607903048,2769.99,False,True,False
-1.740738835426723,-0.6938166813251766,1.5829283036430661,3719.19,False,True,False
-1.315144306452739,-1.5222545097731486,-0.39377106463271533,2727.89,True,False,False
0.3345916931411776,-0.797371409881173,0.3121929954657781,3728.69,False,False,True
0.3044498362263119,0.5143218184947825,-1.382120748770606,3621.53,False,False,True
-1.081155759932878,1.5843873469067464,-1.2409279367509074,3027.78,False,False,True
1.1828090187172573,-1.4877362669211498,0.3121929954657781,4155.74,False,False,True
0.13831584553123055,-0.831889652733172,-0.11138544059331795,3999.14,True,False,False
-1.3451446523022768,-1.6258092383291451,-0.323174658622866,2721.67,True,False,False
-0.6965994399040164,-0.31411600995318945,-0.534963876652414,3508.32,True,False,False
0.7654928870649618,1.5153508612027486,1.2299462735938196,6069.51,False,True,False
-1.4647922580371076,-0.6247801956211789,0.7357714315248741,2724.62,False,False,True
-1.1318874768529688,-0.797371409881173,-1.0291387187213594,2864.42,True,False,False
-0.9346210517857257,0.8595042470147709,-0.8879459067016607,3525.79,True,False,False
0.9622640234035569,-1.038999109845165,1.3005426796036688,4404.56,False,False,True
-0.5507722870835041,-1.1425538384011613,-1.7351027788198528,2445.25,False,False,True
-0.8669080070262739,-0.7628531670291743,-0.534963876652414,3279.17,True,False,False
-0.11017758518475142,-1.5912909954771461,1.6535247096529155,3580.56,False,False,True
-0.7476141789547632,-0.1760430385451941,-0.323174658622866,4018.77,False,True,False
-0.27822197526176085,0.16913938997479422,0.24159658945592874,4189.13,True,False,False
1.6385454046061068,1.239204918386758,-1.382120748770606,4796.83,False,False,True
1.2934706718037594,-1.6258092383291451,0.1710001834460794,5219.66,False,True,False
-0.13076744518997657,1.5153508612027486,-1.382120748770606,4684.16,False,True,False
-1.1263685453051766,0.7559495184587743,-0.11138544059331795,4008.78,False,True,False
-0.5025877693393175,1.032095461274765,-1.5233135607903048,3168.71,False,False,True
-1.4524807953535708,-0.31411600995318945,-1.382120748770606,2683.73,True,False,False
0.10633434476710076,-1.418699781217152,0.5945786195051754,4032.83,True,False,False
0.6037457393950487,0.6178765470507791,-1.6645063728100034,3830.68,False,False,True
-0.8311764630309519,-0.6938166813251766,-0.4643674706425647,3733.24,False,True,False
-0.40933197728816023,-1.1425538384011613,-1.0291387187213594,3855.63,False,True,False
-0.008784906877233715,1.6189055897587452,-1.170331530741058,4366.0,True,False,False
1.4884021642930905,-1.1425538384011613,0.1710001834460794,4535.64,False,False,True
1.287244184929327,-1.5567727526251474,0.7357714315248741,4376.22,False,False,True
-0.8107281140910548,0.1346211471227954,-1.4527171547804554,3736.5,False,True,False
-1.690219385104624,0.44528533279078486,0.02980737142638073,2614.4,False,False,True
-0.6794058454666634,-0.45218898136118474,-0.6761566886721126,2914.3,False,False,True
-0.19076813688905195,-0.831889652733172,0.5945786195051754,3991.89,True,False,False
0.5155135901630358,-0.9354443812891684,-1.2409279367509074,3496.82,False,False,True
0.0016161564243748702,-0.9354443812891684,0.1710001834460794,3976.81,True,False,False
-1.3742959317598464,0.5143218184947825,0.6651750255150248,3100.51,False,False,True
1.711069825586711,0.5833583041987802,0.5239822134953261,5227.37,False,False,True
1.3009000027334798,-1.1425538384011613,1.6535247096529155,5278.51,True,False,False
1.6999612069584622,0.5143218184947825,-0.95854231271151,5754.96,False,True,False
-0.33305751307636394,1.411796132646752,0.38278940147562746,4892.22,False,True,False
-0.06843182091298906,-0.5557437099171813,-1.4527171547804554,4034.64,False,True,False
-1.4389664886147462,0.44528533279078486,-1.0291387187213594,2475.76,False,False,True
-0.797284562884894,0.7214312756067756,1.0181570555642716,4658.27,False,True,False
0.7548795571653611,-0.45218898136118474,1.0181570555642716,4854.25,True,False,False
-1.0125936487814582,0.4107670899387861,1.512331897633217,3958.7,True,False,False
0.6728031392751166,1.3427596469427545,1.1593498675839702,5866.63,False,True,False
1.214153719687411,-0.2795977671011906,1.5829283036430661,5382.43,True,False,False
-0.07345546373213335,-0.0034518242851999323,-1.3115243427607568,3683.59,True,False,False
-0.1366401544010889,1.273723161238757,0.24159658945592874,4058.25,False,False,True
-1.5712793346964335,0.44528533279078486,1.6535247096529155,3697.77,True,False,False
-1.0191031577865466,-0.797371409881173,1.6535247096529155,4214.3,False,True,False
-1.1320997434509608,1.239204918386758,1.0887534615741208,3511.71,False,False,True
1.4321515158252072,1.6879420754627428,-0.4643674706425647,5031.14,False,False,True
-1.6065863454957714,0.06558466141879774,-1.4527171547804554,2744.38,True,False,False
0.12954215948089406,1.7569785611667406,-1.382120748770606,4367.45,True,False,False
0.20829306733593048,-0.797371409881173,-0.323174658622866,3964.54,True,False,False
-1.5958315045308429,-0.5212254670651825,-0.6055602826622634,2288.52,False,False,True
1.374627267769372,1.1701684326827604,-0.25257825261301664,5925.39,False,True,False
0.5415516261833893,-1.4532180240691508,0.02980737142638073,4205.07,True,False,False
0.31258672248267233,-0.21056128139719293,-1.4527171547804554,3364.13,False,False,True
1.5605020520777104,-0.9699626241411672,0.8063678375347235,5691.84,False,True,False
-1.3926216147198234,-1.1080355955491625,-0.1819818466031673,2295.33,False,False,True
0.6292177311540902,1.653423832610744,0.10040377743623007,5080.4,True,False,False
0.10881078841034089,0.8595042470147709,-0.040789034583468615,4987.52,False,True,False
0.1625142377023199,1.273723161238757,-1.3115243427607568,3799.24,False,False,True
1.1318650351991744,1.3427596469427545,-0.39377106463271533,5237.3,True,False,False
-1.7704561591456047,-1.1080355955491625,0.7357714315248741,2875.48,True,False,False
-0.7930392309250538,0.6869130327547767,1.3005426796036688,3661.21,False,False,True
0.11447123102346121,1.446314375498751,1.3005426796036688,5474.72,False,True,False
-1.1413687182299455,1.273723161238757,-0.323174658622866,4104.73,False,True,False
-0.4980594152488212,-1.418699781217152,-0.6055602826622634,3792.47,False,True,False
-0.19161720328102,0.2381758756787919,-0.746753094681962,4349.61,False,True,False
1.4414912461368559,-0.31411600995318945,1.0887534615741208,5342.17,True,False,False
1.6781685028979492,-0.9009261384371696,-0.534963876652414,4537.9,False,False,True
0.021073927906975962,1.653423832610744,1.0181570555642716,4921.73,True,False,False
0.7091714830644146,1.7224603183147418,-1.7351027788198528,4205.35,False,False,True
0.253222830577573,-0.24507952424919174,0.38278940147562746,3920.23,False,False,True
-1.544392232284112,-1.4877362669211498,0.02980737142638073,2205.2,False,False,True
0.608203337952881,1.7224603183147418,-1.382120748770606,5212.46,False,True,False
1.445595067031368,1.3772778897947533,0.5239822134953261,5335.23,False,False,True
-0.4158414862932486,1.1011319469787626,0.9475606495544222,5016.11,False,True,False
-0.6504668326070858,-0.831889652733172,-0.11138544059331795,3501.94,True,False,False
-0.11520122800389569,-1.418699781217152,0.8063678375347235,3490.41,False,False,True
-1.509226732550102,-1.418699781217152,0.45338580748547674,3396.51,False,True,False
0.947971405805428,1.3082414040907557,-1.0997351247312088,4949.14,True,False,False
-0.9077339493734042,1.1011319469787626,-1.5233135607903048,3513.41,True,False,False
-0.5523996643347763,-1.2806268098091567,-1.2409279367509074,2571.98,False,False,True
-1.7265169733612582,0.3417306042347884,-1.5939099668001542,2137.35,False,False,True
0.014918196565207618,0.9285407327187686,0.10040377743623007,4011.58,False,False,True
-0.04847876070173995,-0.45218898136118474,0.8769642435445728,4753.3,False,True,False
1.0300478236956727,0.8595042470147709,-0.1819818466031673,5576.14,False,True,False
1.4886851864237465,-0.31411600995318945,-1.7351027788198528,4638.97,True,False,False
0.8692204979503916,-0.831889652733172,1.2299462735938196,4993.7,True,False,False
0.18175974258692898,0.8940224898667697,-0.4643674706425647,3907.03,False,False,True
1.7231690216722557,-1.5912909954771461,-0.534963876652414,5241.89,False,True,False
-0.2399432320905347,0.5833583041987802,-1.4527171547804554,3688.46,True,False,False
-0.8072610929905186,0.8940224898667697,-1.2409279367509074,4009.8,False,True,False
-0.3757938548054223,0.7214312756067756,0.24159658945592874,4776.54,False,True,False
-0.36878905707168597,-0.45218898136118474,-1.4527171547804554,2815.34,False,False,True
-0.02378507980200256,1.2046866755347592,-0.6055602826622634,4348.86,True,False,False
-1.3077149755230186,0.6523947899027779,0.8063678375347235,4211.11,False,True,False
1.3584950063219792,1.5843873469067464,0.5945786195051754,5272.05,False,False,True
-0.27984935251303295,-1.418699781217152,0.5945786195051754,4243.36,False,True,False
-0.7003494831352086,-0.4176707385091859,-0.6055602826622634,3384.58,True,False,False
1.4884021642930905,0.2381758756787919,-1.7351027788198528,5338.19,False,True,False
1.6847487674357013,1.5498691040547474,-0.6055602826622634,5225.35,False,False,True
-1.6283790495562847,-1.2806268098091567,-1.6645063728100034,1683.95,False,False,True
-0.7732276817791327,1.2046866755347592,1.0181570555642716,4750.37,False,True,False
0.11319763143550914,1.411796132646752,-0.1819818466031673,4686.28,True,False,False
-0.5204889191033105,-0.8664078955851707,0.1710001834460794,4136.67,False,True,False
-1.6485443763655259,0.7214312756067756,-0.6761566886721126,3114.61,True,False,False
1.4160900099104783,-0.24507952424919174,-0.323174658622866,5082.68,True,False,False
0.7824034593716588,0.5143218184947825,-0.95854231271151,4091.56,False,False,True
-1.5668217361386012,1.0666137041267638,-1.4527171547804554,3012.32,True,False,False
1.5610680963390224,-0.31411600995318945,-1.0291387187213594,4377.04,False,False,True
-0.9739611279469119,-1.4877362669211498,0.7357714315248741,3195.8,True,False,False
1.6644419295611323,-0.10700655284119642,1.3711390856135182,6228.54,False,True,False
-1.6534265081193422,-0.9009261384371696,1.3711390856135182,2608.53,False,False,True
1.1293885915559343,0.06558466141879774,0.5945786195051754,4643.44,False,False,True
-0.7669304393720363,-0.3486342528051882,-1.170331530741058,2735.63,False,False,True
-1.262289923552728,0.8595042470147709,0.6651750255150248,3272.91,False,False,True
0.7793609714671066,-0.4176707385091859,0.45338580748547674,4276.25,False,False,True
-1.7311160829844185,1.1356501898307616,-1.0291387187213594,3010.81,True,False,False
0.12105149556121358,-0.38315249565718706,1.6535247096529155,4601.21,True,False,False
